{"cameraMode":{"drawMode":0,"name":"Shaded","section":"Shading Mode"},"sceneLighting":true,"audioPlay":false,"sceneViewState":{"m_AlwaysRefresh":false,"showFog":true,"showSkybox":true,"showFlares":true,"showImageEffects":true,"showParticleSystems":true,"showVisualEffectGraphs":true,"m_FxEnabled":true},"in2DMode":false,"pivot":{"x":2.5299999713897707,"y":0.050000011920928958,"z":1.8799999952316285},"rotation":{"x":0.11662130057811737,"y":0.8540053367614746,"z":-0.21743559837341309,"w":0.45804324746131899},"size":1.3474005460739136,"orthographic":false}