{"cameraMode":{"drawMode":0,"name":"Shaded","section":"Shading Mode"},"sceneLighting":true,"audioPlay":false,"sceneViewState":{"m_AlwaysRefresh":false,"showFog":true,"showSkybox":true,"showFlares":true,"showImageEffects":true,"showParticleSystems":true,"showVisualEffectGraphs":true,"m_FxEnabled":true},"in2DMode":false,"pivot":{"x":7.17005729675293,"y":-0.7395365238189697,"z":0.7879866361618042},"rotation":{"x":-0.07178732752799988,"y":-0.8785719871520996,"z":0.13980485498905183,"w":-0.45105284452438357},"size":3.8229928016662599,"orthographic":false}