{"cameraMode":{"drawMode":0,"name":"Shaded","section":"Shading Mode"},"sceneLighting":true,"audioPlay":false,"sceneViewState":{"m_AlwaysRefresh":false,"showFog":true,"showSkybox":true,"showFlares":true,"showImageEffects":true,"showParticleSystems":true,"showVisualEffectGraphs":true,"m_FxEnabled":true},"in2DMode":false,"pivot":{"x":5.579444885253906,"y":1.0994386672973633,"z":6.015695571899414},"rotation":{"x":0.01815442182123661,"y":-0.9799163937568665,"z":0.16801859438419343,"w":0.10594073683023453},"size":1.2867263555526734,"orthographic":false}