{"cameraMode":{"drawMode":0,"name":"Shaded","section":"Shading Mode"},"sceneLighting":true,"audioPlay":false,"sceneViewState":{"m_AlwaysRefresh":false,"showFog":true,"showSkybox":true,"showFlares":true,"showImageEffects":true,"showParticleSystems":true,"showVisualEffectGraphs":true,"m_FxEnabled":true},"in2DMode":false,"pivot":{"x":4.673791885375977,"y":0.8741835951805115,"z":1.8052058219909669},"rotation":{"x":0.013727989047765732,"y":-0.9846503138542175,"z":0.14822135865688325,"w":0.0912352055311203},"size":7.071067810058594,"orthographic":false}